strategy,name,total_return,max_drawdown,win_rate,trades,avg_hold
S01,均线多头+放量突破,63.54,-16.53,49.83,299,2.5
S02,MACD金叉+趋势,49.37,-13.86,46.28,242,3.3
S03,缩量回调支撑,-8.76,-24.9,46.77,201,4.1
S04,涨停板回调,-28.36,-35.39,45.16,279,2.7
S05,底部长阳反转,-4.56,-24.79,46.07,89,5.2
S06,趋势跟踪MA20,-17.24,-42.65,46.22,238,3.3
S07,超跌反弹RSI,-1.56,-23.36,47.08,240,3.8
S08,放量突破平台,-11.29,-28.33,39.53,215,3.7
S09,均线金叉MA5MA10,26.96,-10.6,47.24,290,2.4
S10,量价齐升,-11.25,-35.55,37.29,236,3.4
S11,BOLL上轨突破,173.54,-26.52,52.63,285,2.5
S12,KDJ超卖金叉,-13.71,-36.54,45.32,470,2.8
S13,跳空缺口回补,-50.77,-57.55,35.44,285,3.4
S14,尾盘拉升强势,24.36,-16.88,46.86,318,1.4
S15,低开高走反转,-15.11,-25.64,39.24,288,2.3
S16,连续小阳加速,5.49,-27.99,43.5,200,3.8
S17,高送转预期,53.98,-16.74,43.72,183,4.7
S18,龙头首阴,-15.65,-17.61,41.24,97,2.6
S19,板块轮动跟随,45.11,-10.87,46.6,309,2.1
S20,强势股回调,66.36,-15.97,50.6,168,5.0
S21,突破前高+量能,50.07,-31.02,47.44,234,3.3
S22,十字星变盘,-15.87,-16.42,39.39,99,2.8
S26,周线突破,56.55,-20.96,46.63,178,4.8
S27,月线支撑,3.42,-25.54,52.63,114,8.2
S28,暴跌抢反弹,-9.16,-18.26,45.58,147,2.5
S29,新股开板,-19.2,-20.93,37.27,110,3.6
S31,奥利弗·凯尔Base&Break,20.46,-17.1,41.18,136,7.1
S32,改良马丁超跌,-31.8,-46.13,61.75,251,5.6
