date,code,side
2017-07-31,sz.002024,buy
2017-08-14,sz.002024,sell
2024-01-02,sh.603332,buy
2024-01-03,sz.002771,buy
2024-01-04,sh.605080,buy
2024-01-05,sz.002903,sell
2024-01-08,sh.605378,buy
2024-01-09,sh.600679,sell
2024-01-09,sz.002682,sell
2024-01-10,sz.002326,buy
2024-01-10,sz.002762,buy
2024-01-11,sh.603206,buy
2024-01-11,sh.688680,sell
2024-01-11,sz.301278,sell
2024-01-12,sz.002103,sell
2024-01-12,sz.002529,sell
2024-01-12,sz.000705,sell
2024-01-12,sz.003022,buy
2024-01-16,sh.603332,sell
2024-01-16,sh.600819,buy
2024-01-17,sz.002172,buy
2024-01-17,sz.002771,sell
2024-01-17,sh.601188,buy
2024-01-18,sh.605080,sell
2024-01-22,sh.605378,sell
2024-01-23,sz.003027,buy
2024-01-24,sz.002326,sell
2024-01-24,sz.002762,sell
2024-01-24,sz.000099,buy
2024-01-24,sz.002423,buy
2024-01-25,sh.600663,buy
2024-01-25,sz.002368,buy
2024-01-25,sh.603206,sell
2024-01-25,sh.600640,buy
2024-01-26,sh.600639,buy
2024-01-26,sz.000793,buy
2024-01-26,sz.000007,buy
2024-01-26,sz.003022,sell
2024-01-30,sh.600354,buy
2024-01-30,sz.002789,buy
2024-01-30,sh.600819,sell
2024-01-31,sz.002172,sell
2024-01-31,sh.601188,sell
2024-02-02,sh.603682,buy
2024-02-02,sh.600551,buy
2024-02-06,sz.003027,sell
2024-02-06,sz.000009,buy
2024-02-06,sh.603135,buy
2024-02-06,sz.002402,buy
2024-02-07,sz.000099,sell
2024-02-07,sh.603348,buy
2024-02-07,sh.600392,buy
2024-02-07,sh.600449,buy
2024-02-07,sz.002085,buy
2024-02-07,sz.002423,sell
2024-02-07,sh.603033,buy
2024-02-08,sh.603062,buy
2024-02-08,sh.603011,buy
2024-02-08,sz.002968,buy
2024-02-08,sz.002735,buy
